date,tenant_id,revenue,expenses,cash_inflow,cash_outflow,outstanding_invoices,profit
2018-01-04,pulse-demo,49183.06,29275.09,19953.63,11464.13,6638.67,19907.97
2018-01-05,pulse-demo,36051.17,17704.68,38066.76,38743.79,3409.66,18346.49
2018-01-07,pulse-demo,40295.37,38817.26,44546.24,44185.40,11162.35,1478.11
2018-01-12,pulse-demo,23775.32,27318.94,29019.12,13657.55,13790.70,-3543.62
2018-01-17,pulse-demo,28489.98,30122.93,42024.87,23083.79,13221.51,-1632.95
2018-01-19,pulse-demo,30422.50,26476.93,47119.34,25319.91,19790.98,3945.57
2018-01-20,pulse-demo,36957.86,24064.25,37004.49,15687.94,12734.09,12893.61
2018-01-25,pulse-demo,40308.83,17369.79,44369.69,22971.41,14844.76,22939.04
2018-01-26,pulse-demo,43735.23,28265.02,40709.23,45060.27,17859.87,15470.21
2018-01-28,pulse-demo,48482.69,57268.55,64998.20,68802.94,32505.82,-8785.86
2018-01-29,pulse-demo,13754.33,22953.94,12145.24,15009.09,4242.47,-9199.61
2018-01-31,pulse-demo,18219.14,18032.45,13962.17,39554.12,17117.58,186.69
2018-02-02,pulse-demo,44300.49,34368.61,16248.09,14007.85,5018.26,9931.88
2018-02-05,pulse-demo,74620.62,42697.50,35665.15,66089.73,17025.24,31923.12
2018-02-06,pulse-demo,17319.64,11061.90,19705.67,40945.90,5568.01,6257.74
2018-02-09,pulse-demo,20110.67,36587.35,21683.93,12321.15,7066.41,-16476.68
2018-02-10,pulse-demo,37800.37,13135.66,43209.79,23843.17,2736.69,24664.71
2018-02-11,pulse-demo,51348.02,60927.77,47247.60,90500.51,26458.75,-9579.75
2018-02-13,pulse-demo,19063.34,14146.73,12649.82,38739.55,8438.11,4916.61
2018-02-14,pulse-demo,70473.25,69556.98,71544.63,45886.57,19570.15,916.27
2018-02-18,pulse-demo,43610.65,34935.85,14537.06,39512.68,11072.86,8674.80
2018-02-23,pulse-demo,37876.53,19646.42,22876.28,20374.95,5299.35,18230.11
2018-02-27,pulse-demo,37499.96,33931.05,24972.26,33651.83,527.65,3568.91
2018-02-28,pulse-demo,23239.43,9776.20,30693.37,38163.49,3763.62,13463.23
2018-03-02,pulse-demo,42956.60,28406.48,28079.34,26268.05,5038.76,14550.12
2018-03-08,pulse-demo,18587.37,38907.99,16862.11,14464.05,8167.95,-20320.62
2018-03-09,pulse-demo,64202.92,42685.49,63761.92,61191.29,33025.73,21517.43
2018-03-10,pulse-demo,11322.45,33212.31,38581.73,17714.61,2357.19,-21889.86
2018-03-11,pulse-demo,36498.54,18395.05,35398.40,36814.54,13731.13,18103.49
2018-03-16,pulse-demo,37449.98,33562.50,29938.47,46537.38,16853.41,3887.48
2018-03-19,pulse-demo,57991.15,36987.89,69729.11,21067.50,24515.39,21003.26
2018-03-20,pulse-demo,24819.68,14393.25,44152.95,14020.12,14373.65,10426.43
2018-03-22,pulse-demo,33313.82,15742.30,32569.91,17724.81,12820.91,17571.52
2018-03-24,pulse-demo,13740.61,33312.24,38310.52,34324.01,1326.57,-19571.63
2018-03-25,pulse-demo,36413.55,23395.23,27003.51,48895.80,3664.03,13018.32
2018-03-28,pulse-demo,40900.28,12663.72,20838.43,34171.93,19618.99,28236.56
2018-03-29,pulse-demo,15174.64,8230.06,29480.25,37457.52,14957.70,6944.58
2018-04-03,pulse-demo,38997.48,15538.71,28604.37,18730.18,5824.86,23458.77
2018-04-04,pulse-demo,28177.76,35601.61,31351.72,30319.55,7554.29,-7423.85
2018-04-09,pulse-demo,14726.80,11939.05,36004.45,32173.14,10695.31,2787.75
2018-04-10,pulse-demo,29555.03,38514.55,26965.32,32584.20,14177.04,-8959.52
2018-04-21,pulse-demo,29646.68,15898.20,37677.32,44790.73,13795.28,13748.48
2018-04-27,pulse-demo,38865.26,37472.81,44850.50,35060.44,9800.10,1392.45
2018-04-29,pulse-demo,28000.52,28566.01,35753.04,17395.22,15604.36,-565.49
2018-04-30,pulse-demo,28943.00,10725.67,29625.97,39080.69,6112.23,18217.33
2018-05-01,pulse-demo,15508.56,28867.26,21889.07,23327.45,4313.34,-13358.70
2018-05-05,pulse-demo,40889.28,14550.55,13858.64,43560.70,11149.36,26338.73
2018-05-07,pulse-demo,11177.94,30750.85,48605.09,39190.05,11127.02,-19572.91
2018-05-09,pulse-demo,34136.06,14715.97,46950.61,11214.75,3229.30,19420.09
2018-05-15,pulse-demo,42108.37,24399.37,34774.10,44090.72,6117.53,17709.00
2018-05-17,pulse-demo,17153.04,15097.16,32712.24,44461.44,15157.71,2055.88
2018-05-20,pulse-demo,41343.96,36148.60,80585.59,69018.66,7671.16,5195.36
2018-05-22,pulse-demo,42592.60,30407.60,46250.32,29778.62,1350.92,12185.00
2018-05-24,pulse-demo,46072.97,32361.83,15761.17,47244.44,11212.03,13711.14
2018-05-25,pulse-demo,47351.46,11575.63,21601.67,32875.51,9063.42,35775.83
2018-05-31,pulse-demo,42377.44,10004.86,35500.02,35839.46,11302.36,32372.58
2018-06-02,pulse-demo,15925.85,18339.28,40378.45,15789.06,2901.43,-2413.43
2018-06-04,pulse-demo,40537.54,14757.83,49676.47,35932.12,9256.50,25779.71
2018-06-08,pulse-demo,47596.92,30588.74,33814.52,14366.57,9582.98,17008.18
2018-06-14,pulse-demo,11437.32,29830.85,34647.29,8567.38,7721.54,-18393.53
2018-06-16,pulse-demo,34786.66,52695.75,59471.51,42111.32,18264.41,-17909.09
2018-06-19,pulse-demo,15413.92,8557.37,24462.23,14876.46,7390.45,6856.55
2018-06-25,pulse-demo,27702.09,8702.94,44269.47,9787.57,8491.30,18999.15
2018-06-28,pulse-demo,41904.15,28755.19,43951.07,38740.33,275.45,13148.96
2018-07-01,pulse-demo,14921.36,17037.76,19285.03,40747.41,7118.84,-2116.40
2018-07-03,pulse-demo,10809.34,17144.03,34386.92,20202.87,5083.04,-6334.69
2018-07-13,pulse-demo,31871.34,39445.17,49820.47,42987.96,18570.41,-7573.83
2018-07-14,pulse-demo,40402.28,19224.50,49398.63,13463.30,16856.30,21177.78
2018-07-15,pulse-demo,31705.41,29372.10,14289.78,17267.93,6174.71,2333.31
2018-07-21,pulse-demo,39486.64,29543.76,48519.10,28879.83,18242.17,9942.88
2018-07-31,pulse-demo,19761.69,18437.17,16373.70,32429.47,10418.53,1324.52
2018-08-01,pulse-demo,78832.72,69884.91,76769.64,85953.14,13181.35,8947.81
2018-08-04,pulse-demo,25509.56,39393.42,24163.06,13893.28,17668.98,-13883.86
2018-08-05,pulse-demo,63962.25,46302.75,63317.24,59400.16,9180.39,17659.50
2018-08-07,pulse-demo,44626.27,9013.66,46801.90,15437.61,3620.27,35612.61
2018-08-15,pulse-demo,47786.74,30661.49,19381.03,49032.24,12966.61,17125.25
2018-08-17,pulse-demo,38302.63,28428.24,19611.54,48425.96,14980.12,9874.39
2018-08-18,pulse-demo,31527.55,34111.67,43411.12,10820.01,8768.13,-2584.12
2018-08-23,pulse-demo,39299.36,36114.48,49350.03,15705.22,924.79,3184.88
2018-08-29,pulse-demo,11324.63,24710.49,45169.51,24662.10,1716.34,-13385.86
2018-09-09,pulse-demo,42299.29,25109.80,19518.99,30716.78,8655.75,17189.49
2018-09-15,pulse-demo,31317.68,12893.63,29683.46,47393.02,4731.32,18424.05
2018-09-19,pulse-demo,15685.28,32291.92,41620.43,30894.21,5336.22,-16606.64
2018-09-23,pulse-demo,23592.31,39283.42,16437.38,46138.49,994.24,-15691.11
2018-09-24,pulse-demo,35075.10,35834.00,48842.55,9502.55,5997.16,-758.90
2018-09-25,pulse-demo,46022.75,30260.30,20307.66,40887.12,8280.57,15762.45
2018-09-30,pulse-demo,37798.75,16400.74,28066.45,11663.85,578.88,21398.01
2018-10-05,pulse-demo,36424.57,13836.23,45738.86,48024.26,7893.27,22588.34
2018-10-11,pulse-demo,11080.77,21186.53,33255.62,32555.16,13148.28,-10105.76
2018-10-14,pulse-demo,44837.73,12425.85,37438.15,15470.70,19593.18,32411.88
2018-10-22,pulse-demo,99705.16,107989.56,81821.58,72823.90,20456.37,-8284.40
2018-10-24,pulse-demo,48355.41,14173.16,33002.99,25341.40,6647.04,34182.25
2018-11-02,pulse-demo,33739.50,14872.56,38033.79,21054.33,18386.38,18866.94
2018-11-03,pulse-demo,11938.26,27540.20,38018.70,44687.00,15949.07,-15601.94
2018-11-12,pulse-demo,60014.31,50120.26,41655.38,32807.46,19777.24,9894.05
2018-11-20,pulse-demo,37712.98,51467.40,65603.07,74611.90,32097.83,-13754.42
2018-11-21,pulse-demo,16290.00,26719.58,12560.61,20322.30,16279.09,-10429.58
2018-11-23,pulse-demo,25080.23,16226.78,14433.20,25496.92,5762.82,8853.45
2018-11-28,pulse-demo,38864.97,9286.04,27268.83,33875.39,8181.01,29578.93
2018-12-04,pulse-demo,10514.08,10412.93,12284.69,15266.85,16868.66,101.15
2018-12-06,pulse-demo,44625.98,21062.33,37160.95,35793.30,16291.02,23563.65
2018-12-11,pulse-demo,58211.01,48880.21,57076.88,57820.55,13432.87,9330.80
2018-12-14,pulse-demo,49717.45,12098.02,48679.55,23352.18,12653.21,37619.43
2018-12-22,pulse-demo,13597.04,9278.22,28714.79,14137.67,14625.31,4318.82
2018-12-24,pulse-demo,47374.80,47837.55,56753.82,72526.44,18432.02,-462.75
2018-12-30,pulse-demo,31786.97,39406.15,35758.57,11818.24,6609.90,-7619.18
2019-01-01,pulse-demo,47493.11,10566.54,30475.25,39922.63,19501.45,36926.57
2019-01-04,pulse-demo,46314.86,23491.08,19742.36,28384.55,19697.21,22823.78
2019-01-09,pulse-demo,47979.00,12547.90,20832.08,47733.61,13616.78,35431.10
2019-01-13,pulse-demo,51303.63,33692.91,74263.67,65965.95,4515.31,17610.72
2019-01-14,pulse-demo,19363.51,10864.79,27349.46,39672.41,3090.04,8498.72
2019-01-18,pulse-demo,48915.85,24569.06,22539.18,30387.30,6507.45,24346.79
2019-01-20,pulse-demo,10171.53,29661.79,20871.58,16631.89,9345.01,-19490.26
2019-01-25,pulse-demo,10644.85,14444.61,25920.16,31509.06,15649.75,-3799.76
2019-01-28,pulse-demo,41690.58,22682.01,35218.34,40559.36,4100.04,19008.57
2019-02-02,pulse-demo,10871.10,32020.62,17820.93,34187.95,13565.84,-21149.52
2019-02-19,pulse-demo,16373.15,22345.70,17032.29,38077.93,3496.99,-5972.55
2019-02-23,pulse-demo,17960.17,32088.65,44181.93,18121.16,6928.11,-14128.48
2019-02-25,pulse-demo,20639.93,23684.69,35647.19,40708.48,9383.96,-3044.76
2019-02-28,pulse-demo,40723.13,26527.17,43832.46,24037.69,13562.58,14195.96
2019-03-02,pulse-demo,31911.85,22230.22,36540.18,33500.54,17992.33,9681.63
2019-03-04,pulse-demo,80789.55,47568.51,62046.03,71084.28,2514.37,33221.04
2019-03-08,pulse-demo,18292.83,25263.59,29765.49,16839.31,17693.97,-6970.76
2019-03-12,pulse-demo,30889.58,15632.81,43509.70,20615.30,2683.73,15256.77
2019-03-14,pulse-demo,38310.59,56595.15,42498.97,68485.81,12517.48,-18284.56
2019-03-17,pulse-demo,38412.74,39672.12,48718.52,42146.17,17321.32,-1259.38
2019-03-18,pulse-demo,18214.45,19844.63,44527.11,40260.45,4157.73,-1630.18
2019-03-25,pulse-demo,24344.58,20070.03,49560.06,38051.58,4445.28,4274.55
2019-04-12,pulse-demo,18323.12,28725.11,22039.62,26488.05,6443.98,-10401.99
2019-04-13,pulse-demo,25737.79,33662.74,11442.03,35999.39,2208.94,-7924.95
2019-04-18,pulse-demo,53422.40,50060.94,42916.05,68307.03,23393.19,3361.46
2019-04-24,pulse-demo,27039.63,12274.89,12839.63,9618.47,17651.45,14764.74
2019-04-26,pulse-demo,11028.90,34142.28,36187.49,31569.75,3524.12,-23113.38
2019-04-28,pulse-demo,14481.10,31982.22,13689.34,14486.41,1057.96,-17501.12
2019-04-29,pulse-demo,45070.35,26336.98,24418.56,48474.99,19310.67,18733.37
2019-04-30,pulse-demo,30479.22,17627.04,15898.95,16743.74,15229.35,12852.18
2019-05-07,pulse-demo,56484.85,42348.55,76859.36,61842.81,10768.58,14136.30
2019-05-08,pulse-demo,14230.77,22497.29,12242.34,39203.58,815.68,-8266.52
2019-05-10,pulse-demo,41734.01,41726.10,83048.07,64942.11,8947.61,7.91
2019-05-14,pulse-demo,31222.28,11634.72,16059.59,24144.60,9807.74,19587.56
2019-05-19,pulse-demo,63662.25,57143.97,89676.77,43965.68,21949.51,6518.28
2019-05-22,pulse-demo,45458.21,39632.01,35776.12,8310.66,13687.34,5826.20
2019-05-26,pulse-demo,31145.98,10759.99,34491.79,21353.57,12097.85,20385.99
2019-05-31,pulse-demo,44052.58,23222.99,20799.57,44850.63,15229.61,20829.59
2019-06-03,pulse-demo,25124.83,13052.49,19892.13,26165.83,13510.13,12072.34
2019-06-05,pulse-demo,34942.30,18425.34,16126.68,13420.61,2642.17,16516.96
2019-06-08,pulse-demo,28725.38,21144.54,42851.91,46180.64,2493.44,7580.84
2019-06-09,pulse-demo,25756.78,16773.19,44898.83,29119.88,12235.67,8983.59
2019-06-12,pulse-demo,14597.71,13804.30,47801.96,19040.84,6583.65,793.41
2019-06-16,pulse-demo,26612.02,13257.84,32203.52,42459.56,2910.36,13354.18
2019-06-23,pulse-demo,23171.95,22294.29,35870.70,49725.77,10615.07,877.66
2019-06-24,pulse-demo,16055.74,25961.53,45631.79,44829.14,6741.74,-9905.79
2019-06-28,pulse-demo,29671.90,39616.16,33182.95,22934.86,3728.55,-9944.26
2019-06-30,pulse-demo,31954.58,31580.22,22242.31,49260.21,19071.20,374.36
2019-07-03,pulse-demo,27824.55,37135.50,24687.15,29172.04,13068.81,-9310.95
2019-07-04,pulse-demo,67911.40,45150.09,51683.16,62952.53,18602.52,22761.31
2019-07-06,pulse-demo,11209.21,17829.52,34149.71,36789.46,5526.41,-6620.31
2019-07-08,pulse-demo,19875.09,11676.34,49214.34,16661.25,16658.93,8198.75
2019-07-13,pulse-demo,14373.41,14700.40,20115.03,21754.72,2660.10,-326.99
2019-07-14,pulse-demo,38190.11,12695.46,40350.94,22014.09,17044.59,25494.65
2019-07-18,pulse-demo,33707.31,16764.06,45601.82,29281.67,2471.98,16943.25
2019-07-22,pulse-demo,48552.95,21314.66,30714.34,19623.39,2174.51,27238.29
2019-07-27,pulse-demo,17729.26,25531.99,23769.33,43075.36,1537.12,-7802.73
2019-08-04,pulse-demo,34843.24,10161.78,35098.64,29931.42,11653.48,24681.46
2019-08-05,pulse-demo,34850.74,36501.80,38240.62,24073.47,15206.38,-1651.06
2019-08-06,pulse-demo,33595.08,15160.04,37107.85,15201.78,11224.97,18435.04
2019-08-08,pulse-demo,44446.81,18234.25,28895.93,11972.69,12552.83,26212.56
2019-08-11,pulse-demo,36923.06,47680.79,86889.88,75384.33,21547.58,-10757.73
2019-08-15,pulse-demo,33922.28,19059.79,29926.30,43574.24,5579.52,14862.49
2019-08-16,pulse-demo,10315.23,24887.58,15603.87,41464.15,1891.27,-14572.35
2019-08-21,pulse-demo,26547.02,37169.57,39402.02,10480.15,9999.76,-10622.55
2019-08-25,pulse-demo,14716.38,34988.44,21079.97,10717.24,3406.59,-20272.06
2019-09-02,pulse-demo,11700.75,29938.30,17682.67,34241.99,19690.77,-18237.55
2019-09-09,pulse-demo,24427.37,12480.06,36997.23,13587.55,10075.93,11947.31
2019-09-11,pulse-demo,35237.92,8169.73,20758.33,10588.02,3317.08,27068.19
2019-09-17,pulse-demo,10653.79,13324.45,22674.53,26535.48,2232.21,-2670.66
2019-09-22,pulse-demo,46705.31,57106.86,91542.29,58619.85,5668.96,-10401.55
2019-09-30,pulse-demo,41124.95,18359.65,15176.92,46271.50,12234.26,22765.30
2019-10-02,pulse-demo,41491.03,20595.64,25036.22,30916.16,3441.88,20895.39
2019-10-03,pulse-demo,37164.92,34181.18,43837.08,20112.84,14087.57,2983.74
2019-10-04,pulse-demo,45694.61,37933.89,22789.92,18759.90,18610.07,7760.72
2019-10-07,pulse-demo,40171.10,34394.79,42249.91,14725.33,5419.88,5776.31
2019-10-08,pulse-demo,34079.00,19887.31,32485.14,35953.37,19472.69,14191.69
2019-10-14,pulse-demo,37218.09,13614.02,38185.78,13909.34,19182.00,23604.07
2019-10-27,pulse-demo,64608.42,62074.00,61645.72,56500.53,22123.10,2534.42
2019-10-29,pulse-demo,81055.60,62293.17,94638.69,52682.02,17452.29,18762.43
2019-11-02,pulse-demo,42101.15,26952.99,16182.23,33372.22,11154.66,15148.16
2019-11-09,pulse-demo,44305.45,56446.92,65930.79,51299.34,20203.22,-12141.47
2019-11-10,pulse-demo,36840.10,11419.12,22516.02,45998.77,9017.63,25420.98
2019-11-12,pulse-demo,24782.09,24769.83,10861.66,8215.03,10821.87,12.26
2019-11-15,pulse-demo,31785.86,19398.63,22320.69,24445.35,3323.60,12387.23
2019-11-18,pulse-demo,24292.50,21904.42,33947.96,23324.88,5970.14,2388.08
2019-11-19,pulse-demo,49021.58,10768.71,12547.15,35507.39,1415.30,38252.87
2019-11-22,pulse-demo,31897.53,20167.85,43730.78,35826.88,133.58,11729.68
2019-11-26,pulse-demo,21810.44,36003.23,13666.58,8655.20,1427.83,-14192.79
2019-11-27,pulse-demo,39708.24,19121.09,19013.72,24396.97,9319.24,20587.15
2019-12-04,pulse-demo,49699.73,31220.91,19689.46,41915.51,3218.91,18478.82
2019-12-07,pulse-demo,26249.73,8332.09,39426.80,48981.39,7006.17,17917.64
2019-12-10,pulse-demo,11863.23,16412.85,12076.03,13513.18,18363.24,-4549.62
2019-12-12,pulse-demo,24204.39,19135.13,39487.77,48353.40,1691.64,5069.26
2019-12-15,pulse-demo,32467.32,23559.30,11213.51,19876.41,1577.57,8908.02
2019-12-21,pulse-demo,44487.42,8505.71,25113.74,35266.93,9152.05,35981.71
2019-12-23,pulse-demo,29535.05,33422.64,46513.68,14973.45,15342.51,-3887.59
2019-12-27,pulse-demo,24034.87,18331.54,29199.38,24712.12,9109.69,5703.33
2019-12-31,pulse-demo,41651.49,27390.51,39063.38,9400.88,6335.58,14260.98
2020-01-01,pulse-demo,39459.62,34826.35,66640.73,78831.34,16918.85,4633.27
2020-01-04,pulse-demo,23724.40,29719.31,10504.05,35035.76,2551.69,-5994.91
2020-01-10,pulse-demo,48151.81,38403.36,11996.61,47769.04,1396.39,9748.45
2020-01-13,pulse-demo,47255.75,21421.96,48917.98,28262.50,2480.06,25833.79
2020-01-21,pulse-demo,31525.15,20538.28,34258.09,12183.08,16323.66,10986.87
2020-01-26,pulse-demo,32480.77,23817.02,16172.09,24755.10,10423.21,8663.75
2020-02-16,pulse-demo,29625.69,10732.75,35064.11,48091.76,16928.09,18892.94
2020-02-17,pulse-demo,55828.20,61241.01,58608.37,85808.17,26604.43,-5412.81
2020-02-28,pulse-demo,25643.62,27809.70,18091.03,17314.66,1257.87,-2166.08
2020-03-02,pulse-demo,34348.94,9340.34,29440.28,14017.58,9119.42,25008.60
2020-03-09,pulse-demo,15151.85,14466.98,37054.78,8446.49,9007.89,684.87
2020-03-10,pulse-demo,21073.78,33369.74,19667.70,45892.08,14673.52,-12295.96
2020-03-13,pulse-demo,42902.33,30615.78,20128.64,31671.84,712.22,12286.55
2020-03-14,pulse-demo,35640.96,18988.33,49662.83,41581.53,1779.71,16652.63
2020-04-05,pulse-demo,89723.00,55857.30,47701.95,47549.25,15692.45,33865.70
2020-04-06,pulse-demo,48149.00,10210.51,49359.42,41859.42,9420.62,37938.49
2020-04-07,pulse-demo,85411.56,44856.55,50258.56,66921.81,1075.87,40555.01
2020-04-09,pulse-demo,26833.46,39380.69,27473.71,28278.17,13853.86,-12547.23
2020-04-14,pulse-demo,11790.06,23396.92,13985.38,19824.91,11890.51,-11606.86
2020-04-16,pulse-demo,48441.54,16148.02,46937.96,31309.33,16946.49,32293.52
2020-04-27,pulse-demo,38326.78,35474.94,49697.87,31333.52,14194.64,2851.84
2020-04-29,pulse-demo,11308.43,15597.98,39065.86,8645.67,12074.03,-4289.55
2020-05-01,pulse-demo,80990.34,43880.81,91146.64,66062.95,8892.54,37109.53
2020-05-07,pulse-demo,28970.53,36689.59,43390.37,35685.10,14302.57,-7719.06
2020-05-08,pulse-demo,27559.42,19360.41,20854.07,38847.97,3567.00,8199.01
2020-05-12,pulse-demo,52486.13,24960.72,26354.34,54755.11,28749.37,27525.41
2020-05-13,pulse-demo,31027.52,37892.89,17173.01,40948.69,5773.00,-6865.37
2020-05-14,pulse-demo,31854.70,37495.78,40640.31,29700.39,14002.15,-5641.08
2020-05-15,pulse-demo,63386.57,65568.56,53886.96,84502.76,32592.45,-2181.99
2020-05-25,pulse-demo,82739.16,57455.24,50583.58,44116.14,19542.87,25283.92
2020-06-07,pulse-demo,34752.78,22527.64,12242.36,37581.79,11975.85,12225.14
2020-06-10,pulse-demo,26705.94,18702.92,40054.29,40382.27,15546.40,8003.02
2020-06-18,pulse-demo,13194.58,10841.07,29777.41,40398.21,18344.93,2353.51
2020-06-19,pulse-demo,35744.57,40125.74,44821.08,63966.08,14702.22,-4381.17
2020-06-21,pulse-demo,46042.97,38785.50,30731.11,9305.28,18471.80,7257.47
2020-06-22,pulse-demo,43443.73,27028.36,42630.21,25106.33,15041.81,16415.37
2020-06-23,pulse-demo,32128.26,34610.61,25621.38,38088.21,14896.08,-2482.35
2020-06-27,pulse-demo,10360.28,13759.03,24752.62,23839.30,3044.11,-3398.75
2020-06-29,pulse-demo,45519.52,32527.62,18360.59,47122.57,16645.38,12991.90
2020-07-03,pulse-demo,34527.30,22702.73,31000.77,31922.61,11654.05,11824.57
2020-07-04,pulse-demo,49958.51,30914.60,20414.84,49924.71,16736.11,19043.91
2020-07-07,pulse-demo,29645.82,13100.34,29264.98,11029.70,9907.51,16545.48
2020-07-09,pulse-demo,50786.63,26520.70,73459.12,75461.88,15869.99,24265.93
2020-07-10,pulse-demo,19087.07,15551.86,31850.07,41117.16,631.82,3535.21
2020-07-21,pulse-demo,32024.32,15913.33,43037.41,11739.51,2515.70,16110.99
2020-08-28,pulse-demo,15920.14,14672.90,29696.77,35235.08,1856.55,1247.24
2020-08-30,pulse-demo,45101.18,12101.54,34647.03,38389.97,7241.36,32999.64
2020-09-02,pulse-demo,32979.54,13821.25,26657.73,30120.57,10098.02,19158.29
2020-09-08,pulse-demo,46261.71,39952.77,19172.98,30172.61,13141.98,6308.94
2020-09-09,pulse-demo,37837.92,16510.44,41565.18,40642.40,4957.62,21327.48
2020-09-10,pulse-demo,49634.79,15479.22,36122.21,34625.04,17203.56,34155.57
2020-09-11,pulse-demo,16839.83,33686.91,46091.75,27666.73,981.61,-16847.08
2020-09-14,pulse-demo,76464.54,61677.32,96867.90,49676.96,9961.85,14787.22
2020-09-18,pulse-demo,23363.82,38417.83,47823.72,25337.32,8780.25,-15054.01
2020-09-19,pulse-demo,24569.56,11359.40,16460.58,25896.18,6291.89,13210.16
2020-09-25,pulse-demo,45493.79,17361.05,41002.80,16473.28,12789.43,28132.74
2020-09-28,pulse-demo,40559.93,19882.23,22443.98,19481.93,19939.86,20677.70
2020-10-05,pulse-demo,10082.58,30124.73,28107.01,43238.80,7272.19,-20042.15
2020-10-06,pulse-demo,85081.61,60586.12,43816.37,48736.46,23462.81,24495.49
2020-10-07,pulse-demo,58169.68,77353.21,51208.47,67740.99,16996.54,-19183.53
2020-10-08,pulse-demo,23494.50,23257.04,31593.98,40363.29,3195.89,237.46
2020-10-10,pulse-demo,89473.40,21943.42,58106.26,71993.98,8526.64,67529.98
2020-10-12,pulse-demo,23623.61,34531.89,41788.00,17391.17,6680.11,-10908.28
2020-10-14,pulse-demo,14909.47,39534.18,44610.77,20256.25,962.44,-24624.71
2020-10-19,pulse-demo,109618.78,100619.28,67805.13,88644.51,40691.55,8999.50
2020-10-20,pulse-demo,10927.22,28875.30,42681.45,27271.96,5595.14,-17948.08
2020-10-22,pulse-demo,43625.00,34506.93,48862.97,80761.35,23148.26,9118.07
2020-10-24,pulse-demo,28213.93,12542.79,41918.94,15415.81,1028.35,15671.14
2020-10-26,pulse-demo,21335.64,22221.36,15094.88,40339.23,6914.24,-885.72
2020-10-31,pulse-demo,23377.48,29635.03,46341.67,37740.08,5353.73,-6257.55
2020-11-02,pulse-demo,31810.97,37751.07,20185.69,31987.68,19197.26,-5940.10
2020-11-04,pulse-demo,48426.86,17601.82,46518.10,34670.01,13581.52,30825.04
2020-11-05,pulse-demo,43963.05,25741.88,30940.63,36864.41,12295.33,18221.17
2020-11-08,pulse-demo,47322.52,13765.89,27282.04,21666.11,6094.04,33556.63
2020-11-11,pulse-demo,56733.15,57725.94,72065.51,49795.20,8524.10,-992.79
2020-11-17,pulse-demo,38336.32,16942.08,12040.15,26645.42,14691.87,21394.24
2020-11-18,pulse-demo,44896.54,25977.98,46543.93,12578.52,15276.43,18918.56
2020-11-22,pulse-demo,13747.97,37204.67,15695.37,17656.60,14528.87,-23456.70
2020-11-28,pulse-demo,35317.47,22664.58,21703.68,16133.69,6237.19,12652.89
2020-12-11,pulse-demo,31465.91,19807.29,19694.15,35871.95,6444.33,11658.62
2020-12-13,pulse-demo,42262.60,21167.01,34826.82,24472.94,9045.92,21095.59
2020-12-21,pulse-demo,10942.08,26388.37,24325.89,13574.32,4638.60,-15446.29
2020-12-23,pulse-demo,33109.18,27717.76,34343.46,48741.32,9788.13,5391.42
2020-12-24,pulse-demo,36491.61,33988.76,32033.77,43843.77,14310.82,2502.85
2020-12-27,pulse-demo,48322.34,22382.17,38561.46,24808.53,6688.68,25940.17
2020-12-31,pulse-demo,36136.35,35247.50,42434.04,22485.93,6209.55,888.85
2021-01-01,pulse-demo,19871.53,28238.67,48468.44,41164.65,6336.56,-8367.14
2021-01-07,pulse-demo,42339.88,9090.39,24779.38,12395.11,17712.65,33249.49
2021-01-08,pulse-demo,20493.52,29030.15,22925.28,16553.86,13868.33,-8536.63
2021-01-14,pulse-demo,38224.57,35005.04,21771.67,20754.49,16252.60,3219.53
2021-01-17,pulse-demo,23301.12,35414.73,14224.00,19148.35,7084.33,-12113.61
2021-01-26,pulse-demo,14836.06,38508.24,18777.81,12750.89,6920.59,-23672.18
2021-01-31,pulse-demo,30578.38,28167.06,19480.51,37267.01,14201.44,2411.32
2021-02-04,pulse-demo,42548.00,25321.64,36938.67,17494.77,17663.99,17226.36
2021-02-08,pulse-demo,46301.89,22100.43,11887.13,41321.79,11887.99,24201.46
2021-03-01,pulse-demo,42862.61,22583.26,40467.55,46457.63,18519.95,20279.35
2021-03-03,pulse-demo,41388.19,22499.43,47559.20,45703.35,8751.33,18888.76
2021-03-07,pulse-demo,47731.39,8714.15,32141.60,37249.30,6112.46,39017.24
2021-03-08,pulse-demo,41156.72,15215.49,38872.97,36029.75,13735.54,25941.23
2021-03-13,pulse-demo,26687.14,33161.93,19887.05,9019.16,15003.74,-6474.79
2021-03-15,pulse-demo,50524.03,40430.54,68499.89,39646.88,23910.93,10093.49
2021-03-21,pulse-demo,36812.84,15917.97,44874.20,9351.94,75.11,20894.87
2021-03-23,pulse-demo,40622.04,17845.27,33941.29,47549.37,3535.58,22776.77
2021-03-30,pulse-demo,30438.34,26010.63,25990.02,38713.55,4119.30,4427.71
2021-03-31,pulse-demo,28088.62,23547.29,48843.96,8154.42,7218.98,4541.33
2021-04-02,pulse-demo,49850.16,21801.42,32740.14,30234.26,18399.17,28048.74
2021-04-04,pulse-demo,12106.07,32262.41,45978.00,35307.04,11029.30,-20156.34
2021-04-05,pulse-demo,24552.12,11064.15,47712.20,43778.58,9705.23,13487.97
2021-04-10,pulse-demo,23249.60,37811.47,37304.22,36279.64,3593.52,-14561.87
2021-04-11,pulse-demo,14402.07,17512.10,41214.80,24706.48,1632.93,-3110.03
2021-04-17,pulse-demo,39669.89,23518.02,38111.61,14599.37,15305.57,16151.87
2021-04-25,pulse-demo,45908.73,12639.89,18503.64,40555.84,420.26,33268.84
2021-05-04,pulse-demo,30469.61,19472.37,47733.92,51157.11,21183.71,10997.24
2021-05-06,pulse-demo,39647.85,56225.50,78507.32,61206.38,18199.09,-16577.65
2021-05-08,pulse-demo,11690.80,29793.99,32190.88,15124.10,4812.47,-18103.19
2021-05-09,pulse-demo,30392.25,34072.42,47734.97,10029.61,7425.59,-3680.17
2021-05-11,pulse-demo,43438.60,32441.25,48551.96,88425.09,19032.52,10997.35
2021-05-20,pulse-demo,36829.29,15295.01,41542.83,37328.25,11681.85,21534.28
2021-05-22,pulse-demo,44903.46,10750.72,36204.53,49911.92,9962.76,34152.74
2021-05-25,pulse-demo,45127.79,12686.05,49988.61,16534.98,13030.55,32441.74
2021-05-29,pulse-demo,38477.20,31594.67,42208.01,48179.59,1965.07,6882.53
2021-05-31,pulse-demo,29800.16,27099.08,43091.38,23180.48,1038.15,2701.08
2021-06-02,pulse-demo,27674.79,38266.98,42964.88,41196.50,4885.31,-10592.19
2021-06-13,pulse-demo,15430.26,13881.37,47856.69,31131.62,15749.29,1548.89
2021-06-21,pulse-demo,26260.44,11143.73,23063.99,14543.17,7656.37,15116.71
2021-06-25,pulse-demo,14117.00,36564.67,42437.23,36406.45,14566.54,-22447.67
2021-07-04,pulse-demo,38767.78,56970.77,67207.64,70806.77,20707.67,-18202.99
2021-07-05,pulse-demo,30981.04,21608.85,21711.04,25902.05,6449.09,9372.19
2021-07-08,pulse-demo,43806.08,29911.92,40961.64,13589.31,7243.63,13894.16
2021-07-11,pulse-demo,14865.56,34660.88,45514.68,41682.43,19993.40,-19795.32
2021-07-17,pulse-demo,48062.93,12406.67,20980.41,42065.48,12493.01,35656.26
2021-07-24,pulse-demo,13099.19,30119.99,49102.69,8539.59,11040.56,-17020.80
2021-07-27,pulse-demo,59693.27,30464.96,50774.35,51305.41,27093.56,29228.31
2021-08-03,pulse-demo,30834.02,8678.94,40654.81,18013.58,16586.63,22155.08
2021-08-12,pulse-demo,11574.46,17825.96,42562.31,17226.12,15910.81,-6251.50
2021-08-13,pulse-demo,16197.00,25130.59,17534.04,19237.91,7239.92,-8933.59
2021-08-15,pulse-demo,48319.56,62607.75,53417.48,38540.46,10076.72,-14288.19
2021-08-18,pulse-demo,33547.29,33504.02,25395.89,21112.73,12178.43,43.27
2021-08-20,pulse-demo,31544.08,39181.48,39854.23,11385.17,5804.62,-7637.40
2021-08-24,pulse-demo,53221.12,53421.25,66343.11,64984.16,20777.21,-200.13
2021-08-30,pulse-demo,15983.18,15040.19,42301.81,17366.25,15933.56,942.99
2021-09-01,pulse-demo,26113.00,12208.10,43960.59,23139.59,14484.16,13904.90
2021-09-04,pulse-demo,24004.82,32090.23,31617.36,12541.09,13047.74,-8085.41
2021-09-10,pulse-demo,23718.11,10902.03,12627.92,21358.12,11397.60,12816.08
2021-09-15,pulse-demo,30620.97,24751.33,17234.05,35132.72,8710.10,5869.64
2021-09-17,pulse-demo,25700.38,16188.82,47559.96,40007.91,12538.82,9511.56
2021-09-19,pulse-demo,37898.66,13887.81,35445.46,16370.88,1646.93,24010.85
2021-09-21,pulse-demo,18851.07,20326.85,41168.36,22040.95,382.17,-1475.78
2021-09-22,pulse-demo,49320.91,22378.09,36865.85,19144.80,16601.20,26942.82
2021-09-28,pulse-demo,43227.45,31326.23,38160.32,12433.50,7416.66,11901.22
2021-10-07,pulse-demo,28730.86,34868.23,41030.20,28040.05,16085.47,-6137.37
2021-10-08,pulse-demo,53633.15,53092.63,89823.67,74490.00,29127.67,540.52
2021-10-14,pulse-demo,43020.72,11029.87,37381.81,15536.81,13735.34,31990.85
2021-10-20,pulse-demo,15984.27,20889.21,33625.41,24549.15,11208.14,-4904.94
2021-10-22,pulse-demo,30823.44,18432.01,32629.38,26570.93,15804.05,12391.43
2021-10-27,pulse-demo,47177.38,35322.33,45922.40,36216.57,12722.84,11855.05
2021-10-31,pulse-demo,21102.75,31045.47,46957.01,32009.24,13412.61,-9942.72
2021-11-01,pulse-demo,24793.89,37345.10,49850.55,19998.69,6808.61,-12551.21
2021-11-02,pulse-demo,25577.79,29042.00,43103.36,30066.64,10013.50,-3464.21
2021-11-03,pulse-demo,16853.92,36142.52,14232.14,11350.34,13203.63,-19288.60
2021-11-04,pulse-demo,16352.60,19161.83,19938.14,32201.40,3403.66,-2809.23
2021-11-06,pulse-demo,13993.05,17964.95,13201.79,39348.73,19378.20,-3971.90
2021-11-08,pulse-demo,78047.92,65778.02,47748.09,68415.11,22423.83,12269.90
2021-11-09,pulse-demo,48560.13,22236.23,13874.85,41023.71,9375.88,26323.90
2021-11-10,pulse-demo,41181.43,22074.09,17961.43,26220.45,10999.87,19107.34
2021-11-15,pulse-demo,47997.74,11713.62,37196.78,11076.49,11216.05,36284.12
2021-11-17,pulse-demo,36534.56,37412.69,46565.00,33541.02,12794.99,-878.13
2021-11-20,pulse-demo,40692.96,20527.95,39884.21,37626.07,14290.91,20165.01
2021-11-23,pulse-demo,18634.51,35247.56,14256.58,11389.15,9541.17,-16613.05
2021-11-27,pulse-demo,11461.47,18270.33,21079.51,37912.07,15028.98,-6808.86
2021-11-28,pulse-demo,20481.20,9579.00,41280.56,43651.73,2554.71,10902.20
2021-11-30,pulse-demo,42467.67,13501.42,10313.79,28201.43,6868.64,28966.25
2021-12-03,pulse-demo,18635.40,26094.55,13441.93,20436.69,19088.54,-7459.15
2021-12-04,pulse-demo,18378.66,20369.85,46199.04,11828.32,1970.15,-1991.19
2021-12-05,pulse-demo,24166.90,30674.68,29435.17,29680.24,9245.81,-6507.78
2021-12-07,pulse-demo,39121.03,19135.42,39621.57,36365.73,14745.81,19985.61
2021-12-09,pulse-demo,17629.72,13086.51,25277.38,9462.01,18188.27,4543.21
2021-12-12,pulse-demo,23088.72,31160.87,24221.00,28579.61,858.65,-8072.15
2021-12-18,pulse-demo,11272.10,17932.03,43254.80,10839.37,833.71,-6659.93
2021-12-22,pulse-demo,63267.50,76964.65,63068.79,36760.79,23493.70,-13697.15
2021-12-24,pulse-demo,34858.49,32837.84,29772.50,49013.53,3027.04,2020.65
2021-12-26,pulse-demo,33992.71,16690.57,25405.75,26808.43,10188.50,17302.14
2021-12-28,pulse-demo,34085.03,17128.14,27830.53,44054.02,12177.22,16956.89
2022-01-05,pulse-demo,74992.74,41321.34,62308.81,34948.91,17638.62,33671.40
2022-01-07,pulse-demo,38899.78,30776.61,46739.78,20698.47,7694.30,8123.17
2022-01-13,pulse-demo,13307.77,23106.39,39985.74,15071.77,9141.35,-9798.62
2022-01-17,pulse-demo,22752.18,8360.58,23460.39,16169.87,13119.14,14391.60
2022-01-21,pulse-demo,11683.00,20294.22,44614.48,9877.02,14623.59,-8611.22
2022-01-25,pulse-demo,10419.96,10957.62,35435.83,44093.28,2954.33,-537.66
2022-01-30,pulse-demo,43306.06,9124.56,11240.64,25498.62,19944.16,34181.50
2022-02-05,pulse-demo,28096.09,26724.30,34473.77,22325.46,14820.27,1371.79
2022-02-12,pulse-demo,26565.11,9926.51,26349.51,10715.85,10097.62,16638.60
2022-02-23,pulse-demo,34890.47,16877.24,32492.38,49416.59,13143.57,18013.23
2022-02-26,pulse-demo,44703.14,17198.94,37700.53,17836.58,11735.41,27504.20
2022-03-01,pulse-demo,16743.09,8902.71,46712.58,29396.38,3977.03,7840.38
2022-03-03,pulse-demo,14516.14,33435.30,16907.78,32954.38,12632.54,-18919.16
2022-03-08,pulse-demo,23021.65,39585.86,17239.89,12309.98,2080.44,-16564.21
2022-03-29,pulse-demo,25820.17,19909.60,27951.00,48633.57,15818.45,5910.57
2022-04-05,pulse-demo,39981.56,19308.86,21028.23,24542.47,10704.83,20672.70
2022-04-07,pulse-demo,19671.72,33996.20,29066.80,36493.18,19133.78,-14324.48
2022-04-11,pulse-demo,43494.23,38382.76,45173.72,14225.19,2033.68,5111.47
2022-04-12,pulse-demo,70458.84,59245.02,49285.19,78593.38,1615.72,11213.82
2022-04-14,pulse-demo,69298.36,68580.72,92480.22,32956.82,9331.80,717.64
2022-04-18,pulse-demo,24005.35,12935.57,36541.15,34282.67,10264.27,11069.78
2022-04-26,pulse-demo,20063.83,36252.90,10821.31,25047.56,6341.91,-16189.07
2022-05-04,pulse-demo,39750.20,24431.17,38813.68,45973.02,11399.76,15319.03
2022-05-13,pulse-demo,18405.94,16623.99,20135.11,37547.76,17682.95,1781.95
2022-05-16,pulse-demo,22029.09,10736.82,16700.28,20944.25,6932.90,11292.27
2022-05-19,pulse-demo,19043.87,28179.40,37964.57,16974.13,16350.69,-9135.53
2022-05-23,pulse-demo,79201.27,143719.83,101629.93,121436.96,45198.28,-64518.56
2022-05-24,pulse-demo,19819.11,25606.68,21096.97,48315.71,3274.48,-5787.57
2022-05-27,pulse-demo,24397.38,37787.98,39565.00,13491.36,15415.08,-13390.60
2022-05-28,pulse-demo,44951.94,35725.68,44811.35,26127.28,5634.23,9226.26
2022-05-30,pulse-demo,18216.49,30522.13,16097.42,42664.52,13929.16,-12305.64
2022-06-04,pulse-demo,102994.71,81803.52,66464.08,123148.80,38167.24,21191.19
2022-06-05,pulse-demo,23574.29,29035.00,36969.51,39844.48,19084.76,-5460.71
2022-06-09,pulse-demo,23538.15,36465.92,38106.05,44632.05,13126.51,-12927.77
2022-06-11,pulse-demo,24137.98,31680.87,36892.70,16883.53,19053.13,-7542.89
2022-06-13,pulse-demo,15822.77,26258.49,23469.08,18950.97,5904.40,-10435.72
2022-06-18,pulse-demo,23882.50,33444.45,35719.03,22058.23,6306.19,-9561.95
2022-06-23,pulse-demo,92552.51,50630.19,43500.50,54683.97,14956.38,41922.32
2022-06-24,pulse-demo,22721.62,39894.48,30380.80,43376.51,4773.56,-17172.86
2022-06-28,pulse-demo,40074.22,27349.18,37644.76,26840.34,6758.59,12725.04
2022-07-01,pulse-demo,46345.47,14925.54,25536.85,15654.79,11233.35,31419.93
2022-07-02,pulse-demo,33958.79,22565.04,44601.55,40186.96,18571.11,11393.75
2022-07-05,pulse-demo,39228.66,21016.27,18158.62,12275.69,4552.04,18212.39
2022-07-08,pulse-demo,25273.43,9630.97,27756.49,40380.39,11052.31,15642.46
2022-07-13,pulse-demo,18653.29,31497.14,13695.92,12438.73,16636.63,-12843.85
2022-07-26,pulse-demo,29279.08,13122.38,22958.30,31323.72,19523.23,16156.70
2022-08-06,pulse-demo,25819.46,23558.40,32272.30,11259.42,15452.50,2261.06
2022-08-09,pulse-demo,48175.36,28879.48,22889.47,22293.63,19242.22,19295.88
2022-08-10,pulse-demo,43337.98,29867.23,47833.24,18754.22,16750.48,13470.75
2022-08-15,pulse-demo,18247.40,38375.25,15331.03,34966.92,76.38,-20127.85
2022-08-16,pulse-demo,13291.00,32510.83,12984.53,48160.48,10865.64,-19219.83
2022-08-19,pulse-demo,39327.46,32695.31,41668.24,24035.44,18260.25,6632.15
2022-08-31,pulse-demo,35782.53,23588.54,34254.29,15047.62,10945.45,12193.99
2022-09-03,pulse-demo,44454.28,23262.55,34170.28,23941.84,777.03,21191.73
2022-09-16,pulse-demo,62214.26,47090.18,73244.85,78861.78,2476.79,15124.08
2022-09-18,pulse-demo,47709.65,16962.54,12480.77,44708.08,8339.28,30747.11
2022-09-19,pulse-demo,34768.54,10463.98,49257.63,17049.13,16440.28,24304.56
2022-09-21,pulse-demo,10974.96,8490.33,15957.95,23995.24,19934.48,2484.63
2022-09-22,pulse-demo,30818.72,30264.74,34881.84,46540.44,4470.15,553.98
2022-09-24,pulse-demo,47433.83,10621.68,17761.39,39701.88,13596.75,36812.15
2022-09-28,pulse-demo,23825.79,20285.84,35773.41,39573.05,14790.31,3539.95
2022-10-01,pulse-demo,48998.33,29454.97,25474.37,25415.33,19160.69,19543.36
2022-10-03,pulse-demo,20130.83,15150.60,41993.71,30320.69,1127.79,4980.23
2022-10-08,pulse-demo,10668.83,35401.37,38178.10,17247.51,4570.50,-24732.54
2022-10-15,pulse-demo,27534.95,20685.22,20121.34,11184.61,3828.78,6849.73
2022-10-17,pulse-demo,14296.72,18437.53,29075.63,8058.40,1481.75,-4140.81
2022-10-20,pulse-demo,60407.23,33114.28,116614.33,88831.04,29020.54,27292.95
2022-10-25,pulse-demo,34664.37,55097.12,61222.84,63009.83,26469.36,-20432.75
2022-10-30,pulse-demo,44114.86,36605.35,40840.76,10301.63,6211.31,7509.51
2022-11-02,pulse-demo,41805.93,14691.77,34135.14,18077.02,5107.36,27114.16
2022-11-04,pulse-demo,10653.05,23798.98,32559.16,48735.44,14619.31,-13145.93
2022-11-06,pulse-demo,27678.86,17789.35,44363.41,18512.75,13930.20,9889.51
2022-11-08,pulse-demo,19669.75,11266.75,31452.77,24230.11,3476.25,8403.00
2022-11-12,pulse-demo,39037.63,14437.56,29075.27,41054.91,11494.93,24600.07
2022-11-18,pulse-demo,11673.61,36336.40,20890.20,27313.07,12951.83,-24662.79
2022-11-20,pulse-demo,13738.28,29919.47,23150.77,21082.83,10049.04,-16181.19
2022-11-24,pulse-demo,46546.02,19490.19,11849.58,20590.01,4678.37,27055.83
2022-11-27,pulse-demo,38712.41,33383.73,30520.23,41310.66,3170.13,5328.68
2022-11-29,pulse-demo,10824.11,31818.93,47270.49,27354.36,10810.68,-20994.82
2022-11-30,pulse-demo,27520.69,19603.08,36634.78,31480.14,16637.39,7917.61
2022-12-11,pulse-demo,17683.28,15723.38,26403.32,37570.39,15848.95,1959.90
2022-12-13,pulse-demo,36889.53,23400.27,45342.82,20264.75,7968.35,13489.26
2022-12-18,pulse-demo,16496.19,33467.51,45244.93,10853.26,6678.96,-16971.32
2022-12-23,pulse-demo,46991.51,33566.17,11787.00,42989.68,9616.78,13425.34
2022-12-26,pulse-demo,30835.15,39516.03,24327.66,34243.97,10450.95,-8680.88
2023-01-05,pulse-demo,17015.68,19046.03,36774.39,24934.39,15005.96,-2030.35
2023-01-13,pulse-demo,87876.68,64429.06,106391.15,90232.11,14360.68,23447.62
2023-01-31,pulse-demo,40814.09,35571.20,45335.24,43137.64,19750.69,5242.89
2023-02-01,pulse-demo,44812.78,23756.13,34629.68,34176.92,13714.11,21056.65
2023-02-07,pulse-demo,46355.46,27050.21,14921.68,42936.55,782.27,19305.25
2023-02-09,pulse-demo,47645.97,39269.83,24692.18,49085.73,2808.11,8376.14
2023-02-15,pulse-demo,38017.09,30347.49,41437.85,40913.25,3387.88,7669.60
2023-02-16,pulse-demo,76775.17,66065.54,37315.34,65766.31,27437.72,10709.63
2023-02-17,pulse-demo,59659.32,66370.04,30961.32,79501.27,25216.81,-6710.72
2023-02-18,pulse-demo,30716.73,19790.04,32243.62,35144.73,13321.51,10926.69
2023-03-03,pulse-demo,43553.12,13387.46,27815.82,44015.51,7445.14,30165.66
2023-03-09,pulse-demo,14765.40,25506.18,38816.62,43099.95,680.65,-10740.78
2023-03-11,pulse-demo,36681.29,20455.35,37462.74,37723.77,9708.87,16225.94
2023-03-12,pulse-demo,34014.07,35823.36,24751.20,15523.30,9908.37,-1809.29
2023-03-15,pulse-demo,33666.13,14955.85,30139.21,26748.37,13553.83,18710.28
2023-03-18,pulse-demo,41213.80,19648.31,34688.69,38920.78,3258.46,21565.49
2023-03-20,pulse-demo,19003.48,15594.97,23311.01,38009.31,12140.65,3408.51
2023-03-23,pulse-demo,39404.76,14961.40,10862.65,32131.09,12313.22,24443.36
2023-03-24,pulse-demo,54257.67,32324.24,72411.81,81987.67,27102.42,21933.43
2023-03-26,pulse-demo,93941.62,71734.47,99587.45,92711.21,20535.53,22207.15
2023-03-28,pulse-demo,30289.48,72433.49,64549.67,74817.37,31704.23,-42144.01
2023-04-04,pulse-demo,46826.48,22491.80,24177.63,27792.42,13591.11,24334.68
2023-04-06,pulse-demo,14297.64,13678.86,47818.89,39101.97,18311.32,618.78
2023-04-13,pulse-demo,28466.50,9915.10,27973.52,48022.39,548.61,18551.40
2023-04-18,pulse-demo,11995.39,13402.69,36250.00,15029.37,5164.46,-1407.30
2023-04-19,pulse-demo,64648.17,43958.54,43461.01,40444.30,24398.38,20689.63
2023-04-21,pulse-demo,40991.70,37930.09,47786.87,43215.30,11252.83,3061.61
2023-04-24,pulse-demo,42477.97,26342.80,10269.62,47955.13,124.55,16135.17
2023-05-05,pulse-demo,29387.75,15392.07,12844.96,24921.35,15826.16,13995.68
2023-05-09,pulse-demo,42317.28,31985.12,13091.06,10254.59,1975.87,10332.16
2023-05-17,pulse-demo,40210.49,17544.45,27688.55,38408.81,15670.23,22666.04
2023-05-20,pulse-demo,38863.20,38681.92,33852.91,68452.65,4800.37,181.28
2023-05-21,pulse-demo,21830.08,19036.69,10174.51,33300.82,11144.34,2793.39
2023-05-22,pulse-demo,45644.57,8010.26,20231.35,20007.84,5902.31,37634.31
2023-05-29,pulse-demo,39439.80,10023.90,27671.87,29216.69,4042.77,29415.90
2023-06-04,pulse-demo,19586.92,12012.48,31198.22,15128.69,2558.32,7574.44
2023-06-07,pulse-demo,13934.92,21220.41,30931.87,41778.79,10392.91,-7285.49
2023-06-09,pulse-demo,32090.64,16906.59,28692.51,8919.45,9376.93,15184.05
2023-06-11,pulse-demo,27195.25,8453.63,11460.96,23156.03,19833.04,18741.62
2023-06-12,pulse-demo,11222.74,29313.04,45490.59,9638.79,12059.94,-18090.30
2023-06-13,pulse-demo,55390.35,34949.45,51193.53,66672.92,12442.89,20440.90
2023-06-14,pulse-demo,22664.04,12917.41,48065.97,9853.12,12549.91,9746.63
2023-06-20,pulse-demo,43604.23,38413.20,56621.82,75018.23,18869.54,5191.03
2023-06-28,pulse-demo,25106.57,29322.07,45752.77,40081.03,13534.37,-4215.50
2023-07-02,pulse-demo,45881.87,26626.27,23941.00,47948.70,5363.68,19255.60
2023-07-07,pulse-demo,48600.09,30226.57,28352.13,25484.49,12817.50,18373.52
2023-07-11,pulse-demo,32234.55,20980.40,29251.34,16575.31,17607.59,11254.15
2023-07-13,pulse-demo,13201.18,21133.80,46466.61,16223.48,293.30,-7932.62
2023-07-15,pulse-demo,41408.12,21585.62,16737.68,29674.13,4131.85,19822.50
2023-07-18,pulse-demo,16517.78,16848.65,34243.34,10516.93,7145.78,-330.87
2023-07-19,pulse-demo,24770.50,18863.76,42988.14,28105.92,17059.11,5906.74
2023-07-20,pulse-demo,21688.77,20674.65,31353.18,16635.45,14556.24,1014.12
2023-07-23,pulse-demo,10662.82,38276.01,32283.94,15004.32,11958.11,-27613.19
2023-07-26,pulse-demo,35889.34,38480.05,29718.70,45612.16,5094.81,-2590.71
2023-07-31,pulse-demo,28410.32,38091.35,47692.43,37543.26,10067.91,-9681.03
2023-08-04,pulse-demo,35670.60,17060.14,28800.61,16034.20,10185.75,18610.46
2023-08-05,pulse-demo,15307.56,35634.36,14217.09,27262.42,9912.13,-20326.80
2023-08-08,pulse-demo,45183.41,33795.91,21145.84,42170.61,7418.34,11387.50
2023-08-10,pulse-demo,43035.59,15487.17,19205.74,18268.10,18923.93,27548.42
2023-08-13,pulse-demo,24392.78,19043.69,35761.11,39258.50,12.56,5349.09
2023-08-18,pulse-demo,32662.71,15309.74,18076.61,8398.20,5142.11,17352.97
2023-08-28,pulse-demo,41748.70,25970.86,49238.94,25794.28,5914.30,15777.84
2023-08-29,pulse-demo,34920.97,18765.56,44558.94,11337.36,10978.41,16155.41
2023-08-30,pulse-demo,10257.86,28822.00,48022.86,42321.58,6619.78,-18564.14
2023-08-31,pulse-demo,49463.21,35770.10,31472.79,12674.40,10512.22,13693.11
2023-09-02,pulse-demo,58580.62,67032.29,73010.43,76018.69,14189.50,-8451.67
2023-09-03,pulse-demo,83236.62,39885.47,59595.93,63041.48,11231.16,43351.15
2023-09-05,pulse-demo,26093.89,9017.70,12899.84,28222.44,2691.13,17076.19
2023-09-06,pulse-demo,43915.34,62918.62,111109.85,85327.07,32042.80,-19003.28
2023-09-07,pulse-demo,49920.16,66978.88,57828.35,47619.95,10124.87,-17058.72
2023-09-10,pulse-demo,48006.62,8836.81,46744.98,40613.05,4560.85,39169.81
2023-09-13,pulse-demo,13001.76,23712.73,31029.36,22841.28,19923.59,-10710.97
2023-09-15,pulse-demo,19017.15,25610.00,10334.07,34717.82,1343.91,-6592.85
2023-09-18,pulse-demo,40008.39,12924.61,11132.97,35588.04,9745.45,27083.78
2023-09-19,pulse-demo,13681.94,10467.75,14648.13,40636.11,12987.50,3214.19
2023-09-22,pulse-demo,32467.67,23420.73,20930.72,11982.67,7299.01,9046.94
2023-09-23,pulse-demo,49349.23,9314.18,32688.22,14074.65,7523.53,40035.05
2023-09-30,pulse-demo,11394.08,24077.85,20334.36,14672.96,7743.93,-12683.77
2023-10-01,pulse-demo,84484.49,36658.84,32755.55,56608.32,23827.51,47825.65
2023-10-07,pulse-demo,55337.34,48826.08,58798.65,52787.76,19007.41,6511.26
2023-10-14,pulse-demo,42653.48,16101.19,11214.97,17695.56,15109.76,26552.29
2023-10-19,pulse-demo,68477.56,16929.79,88064.59,46349.03,15535.99,51547.77
2023-11-01,pulse-demo,69592.55,40677.06,45099.80,55855.86,18722.52,28915.49
2023-11-02,pulse-demo,34339.34,31366.04,14225.13,45376.37,17796.07,2973.30
2023-11-06,pulse-demo,23535.22,15797.79,49831.98,32424.83,6141.42,7737.43
2023-11-09,pulse-demo,49611.47,24882.28,21385.78,13477.93,4316.23,24729.19
2023-11-16,pulse-demo,25509.62,10061.08,38588.61,22190.19,12544.54,15448.54
2023-11-21,pulse-demo,20852.55,29460.50,18198.79,13239.43,6034.27,-8607.95
2023-11-26,pulse-demo,31619.95,25306.96,37962.13,47188.76,9804.82,6312.99
2023-11-29,pulse-demo,42736.74,33545.83,33876.43,41688.19,13680.54,9190.91
2023-11-30,pulse-demo,47893.48,44321.74,31415.35,73629.73,18541.09,3571.74
2023-12-08,pulse-demo,28417.46,32513.75,23260.74,32745.83,17639.26,-4096.29
2023-12-10,pulse-demo,48621.97,26776.15,38163.61,32206.71,6296.53,21845.82
2023-12-18,pulse-demo,20643.54,20782.43,38616.34,10074.07,15113.79,-138.89
2023-12-21,pulse-demo,20926.63,14112.55,47513.55,12130.01,705.21,6814.08
2023-12-30,pulse-demo,27956.30,33641.79,22593.08,42690.52,7802.87,-5685.49
2024-01-04,pulse-demo,15595.59,34504.89,44441.88,29451.79,11394.12,-18909.30
2024-01-08,pulse-demo,32798.10,8945.57,42726.09,12942.74,16042.97,23852.53
2024-01-11,pulse-demo,14487.48,27802.44,18587.00,46471.33,9927.57,-13314.96
2024-01-22,pulse-demo,29392.54,8856.25,25426.21,8565.24,1074.49,20536.29
2024-01-25,pulse-demo,38278.31,13307.35,28182.21,36524.71,6462.05,24970.96
2024-01-26,pulse-demo,37923.17,28505.97,30015.68,48956.80,19280.68,9417.20
2024-02-02,pulse-demo,15238.51,8857.91,27548.21,16301.12,19889.00,6380.60
2024-02-07,pulse-demo,48498.27,27595.23,23893.60,32722.33,2923.51,20903.04
2024-02-09,pulse-demo,22610.29,10526.60,34577.23,44203.10,2977.85,12083.69
2024-02-10,pulse-demo,43906.53,10427.96,14802.32,11847.08,7796.28,33478.57
2024-02-11,pulse-demo,36096.05,16603.61,36220.94,27073.11,4550.70,19492.44
2024-02-14,pulse-demo,36086.16,30627.42,49988.08,17689.47,16515.59,5458.74
2024-02-16,pulse-demo,47878.08,57065.44,79410.98,47379.82,20778.24,-9187.36
2024-02-18,pulse-demo,31131.40,26648.71,40394.84,44539.31,8748.30,4482.69
2024-02-21,pulse-demo,43228.11,42147.56,62000.96,94729.09,23286.63,1080.55
2024-02-25,pulse-demo,48245.62,9894.42,37169.89,13295.20,14327.40,38351.20
2024-02-26,pulse-demo,42379.35,34816.09,31825.26,19665.97,9425.66,7563.26
2024-03-05,pulse-demo,46293.99,37790.62,38584.14,43272.82,10079.37,8503.37
2024-03-07,pulse-demo,12481.73,13741.73,18965.56,27119.98,11162.35,-1260.00
2024-03-11,pulse-demo,10144.24,34252.30,27118.35,44724.68,16482.29,-24108.06
2024-03-14,pulse-demo,91184.53,39535.47,42746.48,77020.34,30899.34,51649.06
2024-03-15,pulse-demo,16012.84,24911.80,23481.44,12911.89,11684.34,-8898.96
2024-03-18,pulse-demo,34454.61,10520.20,39539.15,8361.89,7269.39,23934.41
2024-03-23,pulse-demo,19110.91,29131.67,30801.47,48833.75,10417.81,-10020.76
2024-03-26,pulse-demo,37348.06,26069.11,38543.32,42365.27,19122.28,11278.95
2024-03-29,pulse-demo,60753.31,29794.56,80368.02,36187.46,29117.31,30958.75
2024-04-03,pulse-demo,43977.03,31862.31,34984.39,40803.13,12757.77,12114.72
2024-04-05,pulse-demo,10918.40,9482.10,17758.69,27567.33,10783.49,1436.30
2024-04-07,pulse-demo,69998.39,76325.51,86994.20,35294.46,7005.90,-6327.12
2024-04-16,pulse-demo,40711.22,39236.80,30841.14,49813.41,5817.66,1474.42
2024-04-19,pulse-demo,43089.75,15005.38,12584.41,32831.39,6036.19,28084.37
2024-04-23,pulse-demo,46284.49,31941.40,14399.70,21575.26,13863.82,14343.09
2024-04-26,pulse-demo,29973.28,11874.68,11087.61,16364.43,10915.73,18098.60
2024-04-28,pulse-demo,33318.59,16175.51,25035.88,39017.22,11470.06,17143.08
2024-05-02,pulse-demo,49970.83,25794.26,31695.26,42644.96,18464.47,24176.57
2024-05-10,pulse-demo,47937.74,13729.14,14133.95,21583.80,13181.23,34208.60
2024-05-14,pulse-demo,56220.81,55840.92,88979.03,98391.06,28139.54,379.89
2024-05-15,pulse-demo,21915.15,26867.15,18174.67,8488.01,1742.48,-4952.00
2024-05-20,pulse-demo,63288.20,38779.24,87352.53,55439.65,22604.30,24508.96
2024-05-22,pulse-demo,63664.15,40102.84,61349.03,45162.60,27814.57,23561.31
2024-05-23,pulse-demo,32088.41,38292.64,22369.97,37696.04,14524.54,-6204.23
2024-05-26,pulse-demo,36809.16,18917.24,26617.63,44924.66,5087.75,17891.92
2024-05-27,pulse-demo,35842.21,34002.34,40126.80,29733.63,15993.93,1839.87
2024-05-28,pulse-demo,54231.88,45481.42,84301.22,52816.35,35227.28,8750.46
2024-05-30,pulse-demo,63010.40,43527.81,76476.12,40621.64,25611.24,19482.59
2024-06-04,pulse-demo,38036.19,16046.56,21764.08,47864.48,8846.47,21989.63
2024-06-06,pulse-demo,76775.77,43436.21,64067.27,48464.93,21776.38,33339.56
2024-06-10,pulse-demo,21602.83,36957.65,14395.93,36601.38,9475.54,-15354.82
2024-06-13,pulse-demo,43446.49,18054.31,15392.05,49348.11,19847.09,25392.18
2024-06-16,pulse-demo,22025.97,31381.61,24044.08,44882.07,10299.99,-9355.64
2024-06-17,pulse-demo,17436.80,21315.42,10222.77,40992.34,13115.83,-3878.62
2024-06-19,pulse-demo,18363.93,38110.06,49213.74,8891.85,7979.12,-19746.13
2024-06-26,pulse-demo,30543.85,19395.95,37088.27,14279.75,4786.88,11147.90
2024-06-28,pulse-demo,13178.66,30880.71,39308.73,45450.17,12002.61,-17702.05
2024-07-02,pulse-demo,40471.27,33736.51,35221.93,31670.22,15452.85,6734.76
2024-07-05,pulse-demo,27450.52,27561.77,19512.32,17510.79,2366.78,-111.25
2024-07-07,pulse-demo,31260.65,14100.87,48341.46,42103.59,2448.15,17159.78
2024-07-08,pulse-demo,11950.36,32677.32,24750.79,41835.57,7516.76,-20726.96
2024-07-14,pulse-demo,22808.58,16855.83,33782.57,28486.74,7040.38,5952.75
2024-07-22,pulse-demo,41605.06,35466.19,25378.97,14785.98,5433.83,6138.87
2024-07-27,pulse-demo,43562.41,20774.97,23524.75,28193.84,15437.65,22787.44
2024-07-29,pulse-demo,40486.13,28082.39,44503.50,10822.73,12803.50,12403.74
2024-07-31,pulse-demo,39968.85,16621.66,23928.51,32626.31,5947.62,23347.19
2024-08-01,pulse-demo,10476.39,21105.73,49654.33,14462.68,1070.75,-10629.34
2024-08-13,pulse-demo,40058.88,35565.45,37344.12,36674.01,9062.40,4493.43
2024-08-14,pulse-demo,19409.31,32998.06,49742.99,8829.10,9727.49,-13588.75
2024-08-18,pulse-demo,37431.99,29537.54,22173.85,29189.94,7292.19,7894.45
2024-08-20,pulse-demo,30798.27,34342.21,34455.70,28720.58,17956.89,-3543.94
2024-08-29,pulse-demo,47972.54,58607.73,71077.72,57637.76,25461.08,-10635.19
2024-08-31,pulse-demo,32645.07,36887.62,25360.46,10294.45,8557.57,-4242.55
2024-09-07,pulse-demo,46768.75,38032.46,14778.41,30882.39,11341.02,8736.29
2024-09-08,pulse-demo,26100.48,39361.44,25939.42,26307.82,1136.51,-13260.96
2024-09-09,pulse-demo,45226.34,8203.92,30497.91,42275.68,11954.42,37022.42
2024-09-11,pulse-demo,28981.46,25338.39,46225.32,22308.22,3054.40,3643.07
2024-09-12,pulse-demo,30731.64,21417.21,36648.54,42747.96,3002.85,9314.43
2024-09-14,pulse-demo,10076.62,23689.92,30237.13,15034.88,15692.18,-13613.30
2024-09-23,pulse-demo,31541.35,11324.98,13702.97,20659.95,6893.70,20216.37
2024-09-28,pulse-demo,66456.31,21002.56,78087.94,57140.15,7466.19,45453.75
2024-10-04,pulse-demo,19475.30,26011.39,13891.76,22698.45,19263.56,-6536.09
2024-10-09,pulse-demo,28745.47,12717.76,25876.42,14800.59,18467.44,16027.71
2024-10-13,pulse-demo,48301.57,18928.92,26504.59,19284.74,3556.58,29372.65
2024-10-14,pulse-demo,10744.68,17963.63,34414.63,46899.21,12483.60,-7218.95
2024-10-15,pulse-demo,13651.39,15038.47,46936.89,33750.73,12548.26,-1387.08
2024-10-20,pulse-demo,45014.33,23909.55,49965.88,14756.78,3585.70,21104.78
2024-10-26,pulse-demo,45436.56,28442.41,30093.69,16658.36,19468.94,16994.15
2024-11-01,pulse-demo,49737.18,30161.85,36827.07,11486.62,10764.17,19575.33
2024-11-07,pulse-demo,22340.34,27044.49,12922.30,27213.70,946.67,-4704.15
2024-11-13,pulse-demo,16654.84,37722.99,49759.97,15892.35,6256.37,-21068.15
2024-11-17,pulse-demo,18669.14,10169.98,13012.68,30893.73,11763.73,8499.16
2024-11-18,pulse-demo,17180.39,24565.46,38321.98,24038.35,15633.15,-7385.07
2024-11-19,pulse-demo,37055.90,24575.39,20330.84,21189.26,17219.79,12480.51
2024-11-23,pulse-demo,21086.39,30016.89,29669.92,22981.43,5261.90,-8930.50
2024-11-27,pulse-demo,21810.69,17057.69,47693.74,39234.23,16473.48,4753.00
2024-11-29,pulse-demo,47294.11,34490.40,45911.21,44814.71,16001.73,12803.71
2024-12-03,pulse-demo,37372.67,50870.35,47791.10,39109.80,20544.89,-13497.68
2024-12-07,pulse-demo,11633.39,17680.83,17539.97,45111.91,5251.91,-6047.44
2024-12-10,pulse-demo,18506.18,36152.64,32124.52,49476.88,12341.15,-17646.46
2024-12-15,pulse-demo,47432.10,19050.65,29280.66,29491.15,15028.79,28381.45
2024-12-25,pulse-demo,24547.54,15237.87,39480.54,12109.33,14270.38,9309.67
2024-12-28,pulse-demo,65398.69,39668.65,34257.39,63331.92,28024.18,25730.04
2025-01-02,pulse-demo,15499.53,17225.31,41542.18,43807.53,15958.08,-1725.78
2025-01-06,pulse-demo,64807.24,29880.85,35866.05,49977.41,23645.23,34926.39
2025-01-08,pulse-demo,20934.38,27206.39,36595.72,9533.91,861.14,-6272.01
2025-01-10,pulse-demo,41815.25,17345.49,42985.74,17140.81,18301.33,24469.76
2025-01-15,pulse-demo,17879.58,20924.23,38251.87,44627.98,11914.10,-3044.65
2025-01-16,pulse-demo,53018.93,52672.34,37012.98,63376.70,6213.24,346.59
2025-01-29,pulse-demo,31869.39,21342.69,20329.04,9628.58,1605.45,10526.70
2025-02-05,pulse-demo,19278.95,9049.30,21043.18,29033.83,1858.42,10229.65
2025-02-07,pulse-demo,46247.83,39302.23,25647.31,25400.25,899.05,6945.60
2025-02-13,pulse-demo,47403.24,54914.71,83011.03,45102.92,8506.77,-7511.47
2025-02-14,pulse-demo,46556.29,20709.40,45539.81,33409.46,7254.25,25846.89
2025-02-16,pulse-demo,42429.40,31598.20,28315.41,49229.08,2338.90,10831.20
2025-02-17,pulse-demo,28904.17,13849.06,36368.95,37453.27,9727.55,15055.11
2025-02-18,pulse-demo,29191.00,8144.63,29288.94,40298.76,18418.91,21046.37
2025-02-27,pulse-demo,17979.83,21316.40,21471.24,30254.77,3034.22,-3336.57
2025-03-12,pulse-demo,12573.77,16518.31,35696.10,32561.16,12373.87,-3944.54
2025-03-13,pulse-demo,61218.73,50069.29,31588.99,83029.14,37248.74,11149.44
2025-03-16,pulse-demo,49051.61,23876.18,26436.88,37196.56,9677.38,25175.43
2025-03-23,pulse-demo,22853.84,10246.48,48128.42,27962.11,14857.29,12607.36
2025-03-27,pulse-demo,38467.58,37614.49,47607.23,12529.11,547.70,853.09
2025-03-29,pulse-demo,80245.57,52010.97,53121.82,22326.36,7054.37,28234.60
2025-04-03,pulse-demo,46130.10,27105.36,25276.79,17017.25,3868.47,19024.74
2025-04-04,pulse-demo,19345.02,8583.95,11959.13,27589.23,14204.89,10761.07
2025-04-10,pulse-demo,24309.12,24287.33,29789.76,12187.51,12565.74,21.79
2025-04-16,pulse-demo,46583.38,28736.79,27431.90,18735.24,16157.85,17846.59
2025-04-20,pulse-demo,37990.59,27397.55,40715.37,39782.01,13833.34,10593.04
2025-04-28,pulse-demo,13352.45,23764.02,29579.83,25221.01,2332.80,-10411.57
2025-05-01,pulse-demo,49253.85,32498.84,36154.32,23050.66,11431.43,16755.01
2025-05-02,pulse-demo,22577.73,9447.42,29344.77,39069.06,14030.37,13130.31
2025-05-03,pulse-demo,26898.82,38278.93,32753.82,33013.52,17231.00,-11380.11
2025-05-06,pulse-demo,10374.14,21320.28,10888.26,14285.59,15100.66,-10946.14
2025-05-08,pulse-demo,49440.23,28161.49,42667.87,33598.64,9936.01,21278.74
2025-05-11,pulse-demo,44609.91,12809.21,43835.16,42884.52,12001.10,31800.70
2025-05-15,pulse-demo,33102.27,24575.25,28959.98,29356.80,11968.96,8527.02
2025-05-20,pulse-demo,30689.44,12348.96,46692.46,25459.40,7201.93,18340.48
2025-05-23,pulse-demo,30167.00,13784.06,26825.88,44589.13,13549.63,16382.94
2025-05-25,pulse-demo,49468.84,12614.11,48081.39,9892.95,11822.56,36854.73
2025-05-28,pulse-demo,24644.04,20772.65,13112.62,23323.26,7599.04,3871.39
2025-05-31,pulse-demo,26124.22,31494.84,18672.65,43685.45,19501.53,-5370.62
2025-06-02,pulse-demo,35036.11,24907.15,48733.07,19688.84,15703.56,10128.96
2025-06-03,pulse-demo,64009.90,43889.78,40313.38,57443.91,17244.67,20120.12
2025-06-04,pulse-demo,30346.54,14539.47,22248.29,26765.75,1915.07,15807.07
2025-06-10,pulse-demo,44476.32,32963.70,14160.71,24267.79,12526.27,11512.62
2025-06-20,pulse-demo,12497.23,14426.06,36154.93,16817.33,1128.70,-1928.83
2025-06-27,pulse-demo,17857.76,33747.34,21781.99,33436.11,5096.71,-15889.58
2025-06-29,pulse-demo,40572.01,61221.04,56362.26,20820.17,11984.51,-20649.03
2025-06-30,pulse-demo,20899.63,35119.51,40795.77,47523.32,8678.39,-14219.88
2025-07-02,pulse-demo,31702.76,34353.66,11428.58,15119.39,4332.02,-2650.90
2025-07-07,pulse-demo,35605.45,13166.19,47857.34,41310.06,7334.51,22439.26
2025-07-16,pulse-demo,49568.80,56922.20,77820.25,51443.20,19034.40,-7353.40
2025-07-19,pulse-demo,24695.70,8404.85,27547.87,24085.42,12454.08,16290.85
2025-07-20,pulse-demo,41457.36,36519.90,45575.53,11962.23,5086.17,4937.46
2025-07-22,pulse-demo,21404.31,12398.85,42874.24,46333.92,7819.90,9005.46
2025-07-23,pulse-demo,38986.27,28291.85,14234.45,32369.27,1047.80,10694.42
2025-07-25,pulse-demo,49363.13,34986.43,18383.33,8981.79,17885.25,14376.70
2025-07-26,pulse-demo,15779.08,13429.18,24325.09,47945.65,7207.48,2349.90
2025-07-29,pulse-demo,38763.00,37405.68,42824.94,10519.54,5908.95,1357.32
2025-08-08,pulse-demo,19212.62,17547.89,26376.56,25706.36,12266.26,1664.73
2025-08-10,pulse-demo,30275.50,36155.66,27936.81,8230.33,313.52,-5880.16
2025-08-12,pulse-demo,42459.81,11201.11,49469.37,44897.84,4071.18,31258.70
2025-08-14,pulse-demo,17804.15,35495.73,46436.47,13910.83,1136.28,-17691.58
2025-08-16,pulse-demo,42441.32,8662.67,43352.67,26379.53,13801.00,33778.65
2025-08-17,pulse-demo,43570.55,36534.49,39516.35,11656.64,6975.81,7036.06
2025-08-18,pulse-demo,14262.04,18694.07,16308.69,18335.09,4934.58,-4432.03
2025-08-24,pulse-demo,23169.32,18905.95,12092.43,48631.60,15193.37,4263.37
2025-08-28,pulse-demo,19952.67,35220.61,13005.26,22473.14,2526.52,-15267.94
2025-09-12,pulse-demo,10712.70,9091.71,40834.86,9964.03,883.65,1620.99
2025-09-14,pulse-demo,33765.66,9908.00,20099.53,48087.79,13331.12,23857.66
2025-09-17,pulse-demo,32584.67,9008.03,30741.98,35844.99,348.90,23576.64
2025-09-22,pulse-demo,30698.96,22502.66,42349.00,28393.06,6412.21,8196.30
2025-09-23,pulse-demo,42969.81,8273.74,46946.80,9696.16,12135.93,34696.07
2025-09-24,pulse-demo,36832.50,28604.58,35330.98,48539.77,2647.79,8227.92
2025-09-25,pulse-demo,19074.94,13320.72,36463.70,20353.12,16302.17,5754.22
2025-09-30,pulse-demo,22206.45,38617.05,20448.41,31821.35,18750.89,-16410.60
2025-10-02,pulse-demo,30228.82,26713.45,33821.63,32855.02,19912.47,3515.37
2025-10-07,pulse-demo,49494.81,23161.26,12296.11,15649.31,7189.27,26333.55
2025-10-11,pulse-demo,29189.08,15483.14,43206.55,9886.96,11229.82,13705.94
2025-10-12,pulse-demo,44143.72,21199.38,26993.83,45830.36,12473.18,22944.34
2025-10-17,pulse-demo,39184.08,39777.24,21948.52,27432.78,3086.96,-593.16
2025-10-21,pulse-demo,36070.81,31815.35,17615.12,32502.19,30.96,4255.46
2025-10-22,pulse-demo,47126.54,20381.31,14176.66,40557.76,9130.79,26745.23
2025-10-28,pulse-demo,42767.17,26938.73,48535.02,33920.03,4626.21,15828.44
2025-10-29,pulse-demo,47796.51,32488.11,25483.90,39142.82,10774.83,15308.40
2025-11-02,pulse-demo,34524.61,31128.43,27660.55,27887.09,19176.20,3396.18
2025-11-04,pulse-demo,76689.42,78746.15,41866.17,78454.08,26639.78,-2056.73
2025-11-16,pulse-demo,25072.17,9942.16,36353.04,25341.90,16648.77,15130.01
2025-11-17,pulse-demo,22854.22,14456.90,23391.11,18737.86,17169.75,8397.32
2025-11-22,pulse-demo,24591.74,31167.93,45785.11,34111.71,5.70,-6576.19
2025-12-03,pulse-demo,17281.92,28637.94,44083.09,31417.65,1012.72,-11356.02
2025-12-16,pulse-demo,54536.82,49745.87,57558.33,71401.29,19711.16,4790.95
2025-12-19,pulse-demo,49799.94,28637.52,26270.71,12988.79,14810.72,21162.42
2025-12-20,pulse-demo,29638.25,23023.48,34847.96,26593.08,18770.50,6614.77
2025-12-21,pulse-demo,32207.35,34106.12,23387.81,35189.44,11938.97,-1898.77
2025-12-22,pulse-demo,33532.19,13817.78,47079.62,15371.36,11869.95,19714.41
2025-12-23,pulse-demo,26132.67,20417.25,18152.38,35067.97,17404.94,5715.42
2025-12-29,pulse-demo,40668.43,63178.52,65123.55,93114.43,30450.60,-22510.09
2026-01-03,pulse-demo,42909.83,26061.91,21257.09,20947.20,17682.71,16847.92
2026-01-07,pulse-demo,30625.57,38102.85,28455.65,49435.84,16644.71,-7477.28
2026-01-08,pulse-demo,42934.90,15229.04,22286.21,46991.00,19488.21,27705.86
2026-01-11,pulse-demo,29635.04,16989.71,43873.49,38603.58,11166.58,12645.33
2026-01-12,pulse-demo,47896.43,17859.53,16783.40,40387.41,14112.08,30036.90
2026-01-19,pulse-demo,46380.14,39379.79,16442.27,36149.72,4801.85,7000.35
2026-01-21,pulse-demo,24553.97,25911.35,47531.98,49113.65,16164.13,-1357.38
2026-01-23,pulse-demo,21339.72,21132.54,29613.25,26148.49,2239.27,207.18
2026-01-24,pulse-demo,25645.58,30874.31,24079.89,26583.82,14233.18,-5228.73
2026-01-25,pulse-demo,36149.79,28004.60,20567.81,9432.81,10081.37,8145.19
2026-02-03,pulse-demo,21241.35,19647.20,43774.06,15226.67,18630.25,1594.15
2026-02-04,pulse-demo,16231.25,36287.16,44876.49,15863.17,1300.95,-20055.91
2026-02-06,pulse-demo,28060.14,21470.89,12272.94,42976.90,1231.59,6589.25
2026-02-07,pulse-demo,20063.40,17716.47,23740.44,40970.19,18596.15,2346.93
2026-02-08,pulse-demo,37352.26,18595.55,10986.81,34358.59,10032.90,18756.71
2026-02-12,pulse-demo,78556.69,59747.34,88655.63,77706.90,11547.48,18809.35
2026-02-16,pulse-demo,45781.32,31054.86,37990.03,26629.91,17000.96,14726.46
2026-02-17,pulse-demo,20390.51,25647.96,21141.00,10150.67,2846.53,-5257.45
2026-02-20,pulse-demo,36052.58,48999.07,60320.30,31754.97,21170.22,-12946.49
2026-02-21,pulse-demo,10805.63,10261.00,45278.66,41362.91,7666.07,544.63
2026-03-05,pulse-demo,19021.59,11071.63,32900.83,44430.73,15492.94,7949.96
2026-03-13,pulse-demo,27401.15,34742.98,45262.26,19206.88,9759.40,-7341.83
2026-03-17,pulse-demo,45495.45,21185.81,22024.35,17304.45,14062.68,24309.64
2026-03-22,pulse-demo,38285.48,21288.75,38720.93,10741.60,13442.05,16996.73
2026-03-24,pulse-demo,61704.71,43476.90,31451.52,30769.33,11515.95,18227.81
2026-03-25,pulse-demo,62285.15,46883.03,63058.79,43091.05,10480.18,15402.12
2026-03-28,pulse-demo,46785.00,23513.65,15481.95,11590.43,4646.45,23271.35
2026-03-31,pulse-demo,16337.72,31486.93,30898.12,42098.29,15812.32,-15149.21
2026-04-03,pulse-demo,46518.26,29080.95,33330.44,35205.47,6522.05,17437.31
2026-04-04,pulse-demo,36230.60,8502.89,43406.00,13881.04,5770.49,27727.71
2026-04-06,pulse-demo,27678.96,34897.94,15227.29,18437.20,12483.69,-7218.98
2026-04-07,pulse-demo,21784.63,32313.95,37862.72,47746.24,1070.22,-10529.32
2026-04-08,pulse-demo,36916.59,34876.92,21774.25,45378.51,3812.81,2039.67
2026-04-09,pulse-demo,37620.99,27519.49,28100.73,46142.10,19974.89,10101.50
2026-04-10,pulse-demo,14481.59,38173.37,19214.99,46798.84,12477.11,-23691.78
2026-04-16,pulse-demo,20391.15,29185.67,23533.07,46147.31,2786.82,-8794.52
2026-04-18,pulse-demo,53662.68,27426.25,66374.49,55194.30,28957.20,26236.43
2026-04-19,pulse-demo,21317.36,35517.99,44454.59,49353.27,7346.24,-14200.63
2026-04-21,pulse-demo,88559.89,41950.75,58930.89,48922.73,12417.18,46609.14
2026-04-23,pulse-demo,24169.92,31661.83,36656.88,18482.22,14058.90,-7491.91
2026-05-06,pulse-demo,40359.52,14512.54,44580.83,20771.99,17946.90,25846.98
2026-05-10,pulse-demo,25313.03,8381.78,42346.84,20608.97,8852.06,16931.25
2026-05-13,pulse-demo,13996.91,21217.98,43812.14,27749.38,17386.51,-7221.07
2026-05-16,pulse-demo,37154.23,27607.38,11927.68,36732.99,6795.21,9546.85
2026-05-20,pulse-demo,43640.91,8148.38,19266.17,30557.51,10368.36,35492.53
2026-05-23,pulse-demo,35423.67,27064.47,29839.98,41363.50,10681.58,8359.20
2026-05-28,pulse-demo,37636.64,39417.97,36336.58,16373.45,12025.27,-1781.33
2026-06-08,pulse-demo,39803.87,38631.24,46335.56,38972.03,10811.11,1172.63
2026-06-23,pulse-demo,10637.10,22341.63,29436.50,14633.61,5023.08,-11704.53
2026-06-29,pulse-demo,35796.31,29470.12,37954.97,27875.63,15545.00,6326.19
2026-07-06,pulse-demo,38900.75,32065.68,24630.42,11574.66,1179.19,6835.07
2026-07-08,pulse-demo,11500.71,16268.80,36448.29,18637.74,11426.75,-4768.09
2026-07-09,pulse-demo,38121.59,30069.51,29447.00,42112.46,7211.51,8052.08
2026-07-21,pulse-demo,62484.74,44491.78,64818.26,57598.31,1681.85,17992.96
2026-07-27,pulse-demo,15380.20,31673.74,24740.15,29800.79,1776.95,-16293.54
2026-07-28,pulse-demo,29984.33,31648.37,28904.70,10351.64,13751.85,-1664.04
2026-07-30,pulse-demo,66713.98,32815.89,73387.56,50980.39,17428.60,33898.09
2026-08-03,pulse-demo,33145.15,28989.16,15188.36,32068.20,14144.65,4155.99
2026-08-04,pulse-demo,20942.53,16177.25,26628.19,34109.69,19075.88,4765.28
2026-08-05,pulse-demo,78557.73,47624.61,78912.28,61585.58,16789.94,30933.12
2026-08-14,pulse-demo,19275.91,10137.64,40723.20,48771.00,12723.98,9138.27
2026-08-15,pulse-demo,62122.92,48243.47,78093.08,42608.43,26555.27,13879.45
2026-08-16,pulse-demo,47752.28,18832.77,40578.47,40011.92,6687.79,28919.51
2026-08-19,pulse-demo,36571.14,13145.08,48579.18,40837.95,8861.38,23426.06
2026-08-20,pulse-demo,31854.33,13958.98,23030.46,25113.51,13285.87,17895.35
2026-08-31,pulse-demo,78826.73,48862.20,51948.50,56662.72,34248.49,29964.53
2026-09-01,pulse-demo,33818.75,33258.32,23319.80,25266.26,122.16,560.43
2026-09-03,pulse-demo,31720.11,12192.77,35094.96,34835.93,7651.76,19527.34
2026-09-06,pulse-demo,47389.11,26941.63,38050.40,38186.96,10046.66,20447.48
2026-09-07,pulse-demo,41985.83,18735.01,12030.16,28454.79,13406.58,23250.82
2026-09-08,pulse-demo,41106.20,36605.90,13920.27,29577.72,7073.20,4500.30
2026-09-10,pulse-demo,72248.63,38779.76,57879.77,71636.03,31628.37,33468.87
2026-09-15,pulse-demo,55222.50,44377.77,50671.38,86657.71,21048.92,10844.73
2026-09-21,pulse-demo,32283.23,28104.19,41019.49,33663.78,6574.60,4179.04
2026-09-23,pulse-demo,45022.48,21282.87,39329.05,23616.73,6672.85,23739.61
2026-09-27,pulse-demo,24958.07,37823.82,23993.39,22177.89,1702.26,-12865.75
2026-10-01,pulse-demo,61408.99,40543.60,66661.11,61812.47,18392.49,20865.39
2026-10-04,pulse-demo,37715.31,26610.13,16687.26,43387.06,2180.22,11105.18
2026-10-18,pulse-demo,46317.15,16497.81,25164.74,45747.54,5735.46,29819.34
2026-10-19,pulse-demo,64902.08,23852.67,64165.84,57547.81,14271.50,41049.41
2026-10-21,pulse-demo,47998.04,12302.57,39667.22,13704.82,11524.31,35695.47
2026-10-28,pulse-demo,18153.90,26800.15,32173.86,30569.21,9060.73,-8646.25
2026-10-29,pulse-demo,30828.59,22439.81,49279.98,20754.77,19201.31,8388.78
2026-11-03,pulse-demo,45199.43,27042.64,40047.64,35385.99,5413.17,18156.79
2026-11-04,pulse-demo,34262.16,11737.07,44384.04,28144.03,17572.22,22525.09
2026-11-06,pulse-demo,30625.37,30264.47,37856.79,16471.02,6621.72,360.90
2026-11-09,pulse-demo,27926.06,36352.26,24442.20,17706.45,1628.67,-8426.20
2026-11-11,pulse-demo,25848.22,20760.41,38924.14,41778.98,6547.83,5087.81
2026-11-16,pulse-demo,11697.47,13921.56,18995.16,16526.27,1430.60,-2224.09
2026-11-20,pulse-demo,13325.52,28423.87,42386.09,28248.23,16469.07,-15098.35
2026-11-21,pulse-demo,38792.16,12669.67,43899.77,36388.73,9733.32,26122.49
2026-11-29,pulse-demo,46899.11,8847.13,28292.42,47922.16,18773.12,38051.98
2026-12-03,pulse-demo,65989.27,25195.80,24313.71,94920.33,15012.73,40793.47
2026-12-10,pulse-demo,15825.36,22058.23,35863.87,14467.47,8865.39,-6232.87
2026-12-12,pulse-demo,18795.18,20170.03,20272.25,25145.35,1608.89,-1374.85
2026-12-15,pulse-demo,27407.21,17496.76,41842.41,46309.93,17964.33,9910.45
2026-12-18,pulse-demo,52152.40,65196.18,59402.68,45624.22,24662.46,-13043.78
2026-12-25,pulse-demo,37546.78,38545.24,87821.88,55360.60,16837.73,-998.46
